question_idx,removed_idx
3468,1
3469,0
3470,6
3471,11
3472,2
3473,1
3474,1
3475,2
3476,3
3477,2
3478,1
3479,10
3480,13
3481,3
3482,4
3483,6
3484,3
3485,5
3486,2
3487,3
3488,2
3489,0
3490,1
3491,6
3492,7
3493,8
3494,1
3495,6
3496,4
3497,11
3498,7
3499,1
3500,0
3501,0
3502,5
3503,1
3504,3
3505,1
3506,2
3507,1
3508,2
3509,4
3510,3
3511,3
3512,1
3513,3
3514,3
3515,10
3516,2
3517,2
3518,9
3519,6
3521,2
3522,15
3523,18
3524,6
3525,5
3526,1
3527,4
3529,6
3530,3
3531,1
3532,2
3533,11
3534,4
3535,2
3536,4
3537,4
3538,7
3539,6
3540,0
3541,2
3542,10
3543,4
3544,3
3545,13
3546,1
3547,3
3548,5
3549,7
3550,0
3551,17
3552,4
3553,4
3554,1
3555,1
3556,9
3557,1
3558,9
3559,3
3560,1
3561,2
3562,5
3563,5
3564,4
3565,1
3566,0
3567,2
3568,0
3569,1
3570,4
3571,16
3572,1
3573,1
3574,0
3575,1
3576,8
3577,2
3578,0
3579,1
3580,2
3581,4
3582,7
3583,2
3585,8
3587,15
3588,6
3589,1
3590,0
3591,3
3592,5
3593,2
3594,11
3595,0
3596,1
3597,1
3598,2
3599,4
3600,1
3601,5
3602,7
3604,16
3605,1
3606,3
3607,0
3608,6
3609,10
3610,0
3611,3
3613,6
3614,0
3615,2
3616,2
3617,4
3618,19
3619,3
3620,0
3621,8
3622,1
3623,4
3624,6
3625,0
3626,1
3627,0
3628,3
3629,0
3630,1
3631,2
3632,3
3633,3
3634,4
3635,0
3636,2
3637,13
3638,3
3639,1
3640,14
3641,0
3642,0
3643,1
3644,18
3645,2
3646,6
3647,4
3648,4
3649,18
3650,10
3651,1
3652,1
3653,8
3654,4
3655,6
3656,1
3657,4
3658,8
3659,4
3660,5
3661,3
3662,5
3663,19
3664,6
3665,4
3666,3
3667,1
3668,6
3669,4
3670,9
3671,3
3672,3
3673,5
3674,5
3675,7
3676,1
3677,3
3678,5
3679,0
3680,1
3681,3
3682,2
3683,3
3684,3
3686,1
3687,0
3688,4
3689,1
3690,1
3691,18
3692,4
3693,3
3694,3
3695,1
3696,1
3697,2
3698,1
3699,2
3700,9
3701,6
3702,4
3703,2
3704,9
3705,3
3706,10
3707,1
3708,9
3709,3
3710,3
3711,15
3712,0
3713,6
3714,5
3715,5
3716,2
3717,3
3718,7
3719,7
3720,1
3721,9
3722,3
3723,15
3724,2
3725,13
3726,4
3727,9
3728,9
3729,1
3730,2
3731,3
3733,0
3734,2
3735,11
3736,4
3737,10
3738,8
3739,4
3740,0
3741,8
3742,9
3743,1
3744,2
3745,4
3746,4
3747,5
3748,12
3749,0
3750,3
3751,2
3752,3
3753,8
3754,9
3755,8
3756,6
3757,8
3758,3
3759,5
3760,4
3761,8
3762,5
3763,0
3764,5
3765,4
3766,6
3767,4
3768,0
3769,7
3770,0
3771,1
3772,4
3773,3
3774,1
3775,1
3776,9
3777,2
3778,0
3779,3
3780,0
3781,8
3783,5
3784,2
3785,1
3786,4
3787,5
3788,2
3789,3
3790,0
3791,0
3792,14
3793,0
3794,2
3795,2
3796,3
3797,2
3798,1
3799,2
3800,1
3801,1
3802,1
3803,8
3804,3
3805,1
3806,2
3807,7
3808,6
3809,1
3810,5
3812,0
3813,5
3814,2
3815,0
3816,1
3817,1
3818,3
3819,9
3820,1
3821,2
3822,1
3823,8
3824,0
3825,2
3826,2
3827,1
3828,1
3829,12
3830,7
3831,3
3832,2
3833,1
3834,4
3835,10
3836,11
3837,4
3838,7
3839,0
3840,1
3841,14
3842,1
3843,8
3844,2
3845,4
3846,2
3847,1
3848,9
3849,4
3850,2
3851,3
3852,1
3854,1
3855,8
3856,4
3857,9
3858,9
3859,5
3860,1
3861,9
3862,0
3863,2
3864,6
3865,1
3866,2
3867,12
3868,9
3869,3
3870,5
3871,1
3872,6
3873,5
3874,2
3875,1
3876,0
3877,6
3878,15
3879,2
3880,3
3882,6
3883,5
3884,0
3885,2
3886,12
3887,0
3888,0
3889,0
3890,2
3891,10
3892,4
3893,2
3894,0
3895,3
3896,2
3897,2
3898,0
3899,1
3900,0
3901,0
3902,0
3903,1
3904,5
3905,1
3906,3
3907,10
3908,5
3909,5
3910,20
3911,2
3912,2
3913,6
3914,2
3915,3
3916,1
3917,1
3918,2
3919,3
3920,0
3921,1
3922,5
3923,1
3924,4
3925,5
3926,3
3927,4
3928,6
3929,3
3930,1
3931,6
3932,3
3933,4
3934,3
3936,2
3937,6
3938,0
3939,7
3940,3
3941,7
3942,2
3943,13
3944,1
3945,0
3946,1
3947,6
3948,0
3949,2
3950,1
3951,10
3952,7
3953,0
3954,9
3955,4
3956,0
3957,0
3958,8
3959,3
3960,8
3961,0
3962,8
3963,0
3964,0
3965,7
3966,0
3967,3
3968,0
3969,15
3970,8
3971,2
3972,11
3973,6
3974,3
3975,8
3976,3
3977,0
3978,5
3979,3
3980,0
3981,4
3982,2
3983,1
3984,4
3985,13
3986,8
3987,3
3988,0
3989,1
3990,3
3991,4
3992,16
3994,20
3995,10
3996,8
3997,1
3998,6
3999,7
4000,10
4001,3
4002,3
4003,1
4004,14
4005,12
4006,5
4007,5
4008,0
4009,3
4010,1
4011,5
4012,8
4013,1
4014,4
4015,1
4016,4
4017,5
4018,1
4019,9
4020,2
4021,4
4022,2
4023,3
4024,12
4025,3
4026,2
4027,4
4028,3
4029,12
4030,5
4031,0
4032,0
4033,1
4034,1
4035,8
4036,4
4037,6
4038,1
4039,3
4041,4
4042,2
4043,5
4044,12
4045,1
4046,1
4047,3
4048,2
4049,8
4050,9
4051,2
4052,1
4053,15
4054,1
4055,5
4056,12
4057,1
4058,12
4059,1
4060,0
4061,6
4062,4
4063,8
4064,0
4065,1
4066,3
4067,2
4068,0
4069,7
4070,7
4071,1
4072,6
4073,2
4074,13
4075,7
4076,1
4077,2
4078,0
4079,1
4080,4
4081,10
4083,3
4084,14
4085,2
4086,2
4087,3
4088,1
4089,12
4090,7
4091,13
4092,3
4093,4
4094,4
4095,0
4096,2
4097,2
4098,2
4099,12
4100,1
4101,17
4102,2
4103,13
4104,2
4105,0
4106,7
4107,1
4108,3
4109,7
4110,3
4111,4
4112,9
4113,2
4114,4
4115,1
4116,3
4117,3
4118,3
4119,7
4120,0
4121,7
4122,2
4123,8
4124,1
4125,0
4126,0
4127,7
4128,4
4129,5
4130,3
4131,10
4132,5
4133,2
4134,9
4135,9
4136,3
4137,8
4138,0
4139,0
4141,4
4142,0
4143,3
4144,0
4145,0
4146,0
4147,2
4148,2
4149,6
4150,7
4151,0
4152,0
4153,9
4154,0
4155,9
4156,4
4157,6
4158,2
4159,4
4160,2
4161,6
4162,6
4163,13
4164,2
4165,4
4166,6
4167,2
4168,2
4169,2
4170,8
4171,3
4172,6
4173,0
4174,1
4175,5
4176,5
4177,3
4178,5
4179,0
4180,8
4181,2
4182,10
4183,2
4184,2
4185,2
4186,1
4187,1
4188,0
4189,0
4190,1
4191,2
4192,3
4193,2
4194,13
4195,7
4196,11
4197,4
4198,4
4199,8
4200,6
4201,8
4202,7
4203,0
4204,1
4205,3
4207,1
4208,2
4209,1
4210,0
4211,5
4212,3
4213,2
4214,0
4215,2
4216,0
4217,2
4218,6
4219,10
4220,1
4221,2
4222,6
4223,2
4224,3
4225,4
4226,4
4227,3
4228,3
4230,1
4231,11
4232,1
4233,1
4234,2
4235,6
4236,1
4237,4
4238,1
4239,5
4240,2
4241,3
4242,0
4243,5
4244,1
4245,1
4246,1
4247,3
4248,1
4249,0
4250,21
4251,1
4252,3
4253,1
4254,18
4255,3
4256,2
4257,3
4258,6
4259,0
4260,1
4261,3
4262,8
4263,13
4264,1
4265,0
4266,6
4268,2
4269,2
4270,3
4271,0
4272,0
4273,1
4274,10
4276,2
4277,7
4278,5
4279,15
4280,2
4281,5
4282,8
4284,19
4285,1
4286,4
4287,1
4288,0
4289,0
4290,4
4291,4
4292,1
4293,19
4294,1
4295,0
4296,2
4297,0
4298,8
4299,1
4300,7
4301,0
4302,5
4303,1
4304,9
4305,3
4306,4
4307,4
4308,0
4309,2
4310,1
4311,3
4312,5
4313,3
4314,2
4315,3
4316,3
4317,0
4318,4
4319,1
4320,5
4321,6
4322,8
4323,7
4324,1
4325,11
4326,10
4327,11
4328,11
4329,4
4330,0
4331,0
4332,2
4333,0
4334,5
4335,4
4336,12
4337,1
4338,1
4339,0
4340,1
4341,2
4342,3
4343,5
4344,6
4345,2
4346,1
4347,4
4348,2
4349,6
4350,4
4351,0
4352,2
4353,3
4354,2
4355,2
4356,1
4357,8
4358,4
4359,3
4360,2
4361,5
4362,3
4363,6
4364,0
4365,2
4366,0
4367,4
4368,2
4369,4
4370,0
4371,4
4372,1
4373,4
4374,1
4375,10
4376,4
4377,9
4378,10
4379,1
4380,4
4381,1
4382,4
4383,7
4384,5
4385,0
4386,1
4387,1
4388,4
4389,2
4390,5
4391,2
4392,1
4393,0
4394,2
4395,2
4396,8
4397,6
4398,6
4399,6
4400,4
4401,3
4402,6
4403,18
4404,7
4405,4
4406,5
4407,1
4408,13
4409,1
4410,14
4411,3
4412,1
4413,7
4414,6
4415,1
4416,3
4417,4
4418,5
4419,7
4420,4
4421,1
4422,5
4423,3
4424,0
4425,3
4426,4
4427,10
4428,0
4429,8
4430,8
4431,3
4432,4
4433,3
4434,3
4435,3
4436,4
4437,3
4438,3
4439,6
4440,3
4441,8
4442,1
4443,3
4444,0
4445,13
4446,2
4447,2
4448,3
4449,12
4450,9
4451,9
4452,1
4453,3
4454,4
4455,10
4456,8
4457,3
4458,10
4459,5
4460,5
4461,3
4462,1
4463,2
4464,2
4465,0
4466,7
4467,1
4468,6
4469,0
4470,4
4471,1
4472,8
4473,3
4474,19
4475,3
4476,5
4477,6
4478,0
4479,6
4481,6
4482,10
4483,0
4484,1
4485,1
4486,4
4487,1
4488,2
4489,1
4490,16
4492,0
4493,10
4494,7
4495,0
4496,1
4497,0
4498,0
4499,2
4500,3
4501,7
4502,8
4503,2
4504,0
4505,4
4506,4
4507,2
4508,1
4509,4
4510,8
4511,13
4512,4
4513,12
4514,8
4515,2
4516,7
4517,3
4518,0
4519,5
4520,13
4521,2
4522,3
4523,6
4524,1
4525,0
4526,6
4527,8
4528,16
4529,1
4530,4
4531,1
4532,8
4533,1
4534,7
4535,2
4536,1
4537,1
4538,4
4539,1
4540,7
4541,0
4542,5
4543,7
4544,1
4545,11
4546,3
4547,4
4548,5
4549,0
4550,0
4551,2
4552,9
4553,3
4554,0
4555,3
4556,6
4557,7
4558,2
4559,2
4560,4
4561,2
4562,8
4563,0
4564,2
4565,4
4566,22
4567,6
4568,1
4569,2
4570,1
4571,9
4572,3
4573,11
4574,9
4575,1
4576,6
4577,3
4578,2
4579,7
4580,5
4581,2
4582,5
4583,4
4584,2
4585,1
4586,1
4587,0
4588,1
4589,9
4590,13
4591,3
4592,2
4593,1
4594,8
4595,3
4596,1
4597,0
4598,13
4599,5
4600,0
4601,4
4602,2
4603,3
4604,0
4605,0
4606,3
4607,4
4608,1
4609,2
4610,8
4611,1
4612,5
4613,17
4614,7
4615,0
4616,18
4617,2
4618,5
4619,1
4620,4
4621,4
4622,12
4623,4
4624,4
4625,4
4626,6
4627,0
4628,2
4629,12
4630,1
4631,1
4632,3
4633,2
4634,0
4635,4
4636,1
4637,1
4638,0
4639,0
4640,0
4641,5
4642,14
4643,4
4644,0
4645,4
4646,0
4647,4
4648,6
4650,9
4651,4
4652,0
4653,2
4654,4
4655,6
4656,1
4657,5
4658,4
4659,1
4660,2
4661,3
4662,1
4663,1
4664,5
4665,8
4666,0
4667,13
4668,5
4669,4
4670,2
4671,2
4672,0
4673,5
4674,1
4675,8
4676,2
4677,1
4678,2
4679,2
4680,1
4681,2
4682,2
4683,2
4684,2
4685,1
4686,2
4687,4
4688,0
4689,2
4690,1
4691,1
4692,14
4693,17
4694,5
4695,3
4696,8
4697,1
4698,0
4699,3
4701,7
4702,0
4703,0
4704,12
4705,7
4706,0
4707,6
4708,4
4709,7
4710,7
4711,2
4712,3
4713,1
4714,2
4715,2
4716,2
4717,13
4718,5
4719,0
4720,3
4721,5
4722,3
4723,3
4724,4
4725,3
4726,6
4727,6
4728,0
4729,3
4730,0
4731,5
4732,1
4733,4
4734,1
4735,9
4737,0
4738,2
4739,3
4740,5
4741,0
4742,9
4743,0
4744,3
4745,1
4746,9
4747,1
4748,0
4749,4
4750,2
4751,9
4752,1
4753,1
4754,1
4755,4
4756,3
4757,1
4758,6
4759,1
4760,2
4761,3
4762,1
4763,0
4764,4
4765,2
4766,10
4767,7
4768,2
4769,0
4770,2
4771,1
4772,3
4773,10
4774,2
4775,1
4776,2
4777,6
4778,17
4780,0
4781,5
4782,0
4783,1
4784,1
4785,3
4786,6
4787,1
4788,1
4789,3
4790,1
4791,4
4792,0
4793,0
4794,8
4795,0
4796,1
4797,12
4798,6
4799,0
4800,5
4801,7
4802,6
4803,11
4804,1
4805,0
4806,4
4807,1
4808,2
4809,4
4810,3
4811,2
4812,4
4813,1
4814,1
4815,2
4816,0
4817,3
4818,2
4819,6
4820,14
4821,3
4822,2
4823,12
4824,3
4825,2
4826,3
4827,1
4828,0
4829,7
4830,0
4831,2
4832,5
4833,0
4834,1
4835,0
4836,5
4837,0
4838,1
4839,1
4840,5
4841,1
4842,7
4843,1
4844,2
4845,4
4846,2
4847,5
4848,5
4849,7
4850,1
4851,6
4852,3
4853,0
4854,2
4855,1
4856,2
4857,4
4858,10
4859,4
4860,3
4861,2
4862,3
4863,8
4864,0
4865,4
4866,0
4867,0
4868,8
4869,9
4870,12
4871,0
4872,2
4873,0
4874,7
4875,4
4876,8
4878,2
4879,0
4880,3
4881,1
4882,0
4883,2
4884,3
4885,0
4886,6
4887,1
4888,3
4889,1
4890,7
4891,6
4892,1
4893,9
4894,5
4895,4
4896,5
4897,1
4898,2
4899,3
4900,3
4901,2
4902,2
4903,2
4904,5
4905,6
4906,1
4907,3
4908,6
4909,6
4910,1
4911,13
4912,1
4913,1
4914,3
4915,2
4916,7
4917,6
4918,8
4919,1
4920,4
4921,3
4922,5
4923,3
4924,1
4925,5
4926,9
4927,0
4928,3
4929,5
4930,0
4931,1
4932,8
4933,3
4934,4
4935,2
4936,3
4937,5
4938,0
4939,8
4940,5
4941,7
4942,0
4943,8
4944,7
4945,2
4946,0
4947,7
4948,3
4949,2
4950,5
4951,1
4952,3
4953,2
4954,0
4955,7
4956,3
4957,1
4958,2
4959,6
4960,2
4961,17
4962,1
4963,4
4964,2
4965,5
4966,1
4967,3
4968,6
4969,2
4970,6
4971,2
4972,0
4973,2
4974,0
4975,2
4976,9
4977,1
4978,1
4979,1
4980,1
4981,10
4982,4
4983,9
4984,2
4985,10
4986,4
4987,3
4988,2
4989,3
4990,5
4991,10
4992,3
4993,0
4994,0
4995,4
4996,1
4997,1
4998,1
4999,1
5000,2
5001,6
5002,7
5003,2
5004,1
5005,0
5006,1
5007,16
5008,3
5009,4
5010,0
5011,5
5012,2
5013,7
5014,3
5015,4
5016,0
5017,13
5018,12
5019,4
5020,2
5021,0
5022,4
5024,4
5025,2
5026,5
5027,6
5028,2
5030,7
5031,4
5032,6
5033,11
5034,1
5035,2
5036,2
5037,23
5038,2
5039,1
5040,23
5041,3
5042,12
5043,9
5044,4
5045,3
5046,6
5047,0
5048,4
5049,8
5050,3
5051,7
5052,4
5053,2
5054,10
5055,1
5056,4
5057,0
5058,2
5059,3
5060,13
5061,2
5062,8
5063,2
5064,3
5065,4
5066,7
5067,14
5068,2
5069,1
5070,3
5071,1
5072,5
5073,15
5074,9
5075,1
5076,1
5077,2
5078,9
5079,2
5081,4
5082,4
5083,3
5084,0
5085,3
5086,5
5087,12
5088,0
5089,9
5090,12
5091,8
5092,2
5093,4
5094,10
5095,8
5096,5
5097,5
5098,6
5099,5
5100,3
5101,1
5102,1
5103,0
5104,3
5105,4
5106,0
5107,5
5108,3
5109,7
5110,7
5111,3
5112,2
5113,7
5114,2
5115,12
5116,2
5117,11
5118,2
5119,4
5120,2
5121,0
5122,5
5123,2
5124,4
5125,5
5126,2
5127,7
5128,3
5129,5
5130,2
5131,4
5132,1
5133,3
5134,8
5135,4
5136,0
5137,3
5138,3
5140,5
5141,2
5142,0
5143,6
5144,1
5145,17
5146,1
5147,7
5148,4
5149,2
5150,3
5151,1
5152,7
5153,0
5154,1
5155,10
5156,0
5157,3
5158,3
5159,3
5160,1
5161,1
5162,0
5163,4
5164,0
5165,5
5166,5
5167,7
5168,6
5169,3
5170,2
5171,1
5172,0
5173,1
5174,6
5175,6
5176,7
5177,0
5178,1
5179,0
5180,5
5181,8
5182,1
5183,1
5184,1
5185,4
5186,6
5187,2
5189,1
5190,7
5191,6
5192,3
5193,1
5194,1
5195,5
5196,1
5197,2
5198,3
5199,2
5200,1
5201,6
5202,7
5203,2
5204,3
5205,1
5206,12
5207,8
5208,5
5209,2
5210,6
5211,7
5212,2
5213,3
5214,4
5215,4
5216,3
5217,2
5218,4
5219,5
5220,0
5221,1
5222,6
5223,6
5224,1
5225,0
5226,11
5227,0
5228,17
5229,14
5230,0
5231,11
5233,2
5234,8
5235,1
5236,6
5237,7
5238,2
5239,6
5240,1
5241,7
5243,2
5244,0
5245,1
5246,0
5247,1
5248,1
5249,0
5250,2
5251,4
5252,7
5253,0
5254,2
5255,1
5256,7
5257,2
5258,1
5259,11
5260,6
5261,2
5262,1
5263,4
5264,1
5265,4
5266,1
5267,0
5268,3
5269,3
5270,4
5271,3
5272,8
5273,11
5274,3
5275,4
5276,13
5277,0
5278,6
5279,5
5280,2
5281,8
5282,3
5283,0
5284,12
5285,4
5286,5
5287,1
5288,1
5289,7
5290,3
5291,17
5292,4
5293,7
5294,1
5295,7
5296,4
5297,8
5298,0
5299,1
5300,2
5301,0
5302,5
5303,2
5304,1
5305,2
5306,3
5307,8
5308,4
5310,5
5311,0
5312,0
5313,1
5314,0
5315,3
5316,0
5317,5
5318,12
5319,10
5320,10
5322,3
5323,4
5324,4
5325,1
5326,3
5327,9
5328,1
5329,0
5331,3
5332,16
5333,0
5334,2
5335,6
5336,1
5337,11
5338,8
5339,1
5340,3
5341,10
5342,5
5343,0
5344,6
5345,2
5346,2
5347,1
5348,8
5349,7
5350,1
5351,3
5352,1
5353,0
5354,5
5355,1
5356,15
5357,2
5358,2
5359,1
5360,1
5361,2
5362,0
5363,6
5364,21
5365,2
5366,14
5367,2
5368,1
5369,9
5370,4
5371,4
5372,0
5373,0
5374,13
5375,12
5376,0
5377,24
5378,1
5379,2
5380,4
5381,3
5382,8
5383,15
5384,8
5385,1
5387,6
5388,4
5389,6
5390,4
5392,7
5393,3
5394,4
5395,3
5396,4
5397,3
5398,10
5399,1
5400,1
5401,1
5402,3
5403,4
5404,7
5405,11
5406,1
5407,2
5408,4
5409,8
5410,6
5411,5
5412,4
5413,9
5414,8
5415,5
5416,1
5417,1
5418,2
5420,5
5421,11
5422,10
5423,6
5424,5
5425,8
5426,9
5427,11
5428,5
5429,2
5430,5
5431,0
5432,4
5433,0
5434,10
5435,0
5436,3
5437,1
5438,1
5439,5
5440,1
5441,8
5442,4
5443,0
5444,5
5445,8
5446,5
5447,4
5448,10
5449,4
5450,0
5451,1
5452,3
5453,1
5455,8
5456,13
5457,16
5458,9
5459,2
5460,3
5461,1
5462,7
5463,5
5464,5
5465,0
5466,3
5467,0
5468,1
5469,8
5470,10
5471,1
5472,6
5473,6
5474,5
5475,5
5476,2
5477,3
5478,0
5479,1
5480,0
5481,11
5482,6
5483,2
5484,0
5485,2
5486,9
5487,3
5488,0
5489,2
5490,6
5491,1
5492,6
5493,2
5494,5
5495,2
5496,1
5497,9
5498,3
5499,6
5500,6
5501,4
5502,0
5503,12
5504,3
5505,11
5506,2
5507,3
5508,5
5509,7
5510,5
5511,5
5512,2
5513,3
5514,2
5515,3
5516,21
5517,1
5518,1
5519,3
5520,13
5521,14
5522,9
5523,4
5524,9
5525,11
5526,5
5527,4
5528,0
5529,2
5530,8
5531,0
5532,3
5533,3
5534,3
5535,1
5536,7
5537,2
5538,1
5539,7
5540,0
5541,0
5542,4
5543,6
5544,2
5545,14
5546,0
5547,0
5548,2
5549,2
5550,1
5551,8
5552,5
5553,2
5554,3
5555,2
5556,12
5557,0
5558,5
5559,3
5560,8
5561,5
5562,2
5563,8
5564,8
5565,3
5566,0
5567,6
5568,1
5569,13
5570,0
5571,5
5572,10
5573,2
5574,0
5575,1
5576,4
5577,4
5578,8
5580,14
5581,8
5582,12
5583,2
5584,18
5585,6
5586,1
5587,6
5588,0
5589,4
5590,6
5591,2
5592,2
5593,7
5595,0
5596,6
5597,4
5598,4
5599,3
5601,3
5602,9
5603,4
5604,5
5605,7
5606,8
5607,7
5608,3
5610,7
5611,9
5612,3
5613,3
5614,3
5615,0
5616,2
5617,1
5618,1
5619,9
5620,5
5621,2
5622,3
5623,5
5624,6
5625,3
5626,2
5627,0
5628,2
5629,1
5630,1
5631,1
5633,0
5634,13
5635,0
5636,24
5638,1
5639,6
5640,6
5641,1
5642,0
5643,2
5644,13
5645,4
5646,1
5647,5
5648,11
5649,5
5650,1
5651,2
5652,0
5653,10
5654,5
5655,4
5656,0
5657,5
5658,2
5659,3
5660,3
5661,3
5662,6
5663,2
5664,10
5665,2
5667,2
5668,11
5669,4
5670,6
5671,0
5672,7
5673,4
5674,17
5675,0
5676,6
5677,4
5678,10
5679,10
5680,5
5681,2
5682,3
5683,1
5684,2
5685,4
5686,0
5687,1
5688,5
5689,11
5690,7
5691,22
5692,5
5693,3
5694,0
5695,3
5696,1
5697,5
5698,1
5699,8
5700,3
5701,3
5702,1
5703,1
5704,7
5705,8
5706,0
5707,3
5708,2
5709,2
5710,1
5711,1
5712,1
5713,1
5714,4
5715,1
5716,0
5717,0
5718,7
5719,0
5720,2
5721,6
5722,16
5723,9
5724,6
5725,1
5726,8
5727,2
5728,5
5729,6
5730,9
5731,4
5732,5
5733,1
5734,3
5735,2
5736,5
5737,11
5738,5
5739,2
5740,6
5741,4
5742,10
5743,3
5744,1
5745,6
5746,7
5747,8
5748,1
5749,0
5750,6
5751,0
5752,2
5753,23
5754,1
5755,9
5756,8
5757,2
5758,0
5759,3
5760,8
5761,10
5762,4
5763,9
5764,2
5765,2
5766,1
5767,8
5768,2
5769,3
5770,5
5771,6
5772,8
5773,5
5774,4
5775,3
5776,2
5777,3
5778,2
5779,1
5780,8
5781,14
5782,0
5783,1
5784,1
5785,1
5786,6
5787,5
5788,6
5789,0
5790,2
5791,5
5792,0
5793,5
5794,1
5795,7
5796,9
5797,4
5798,3
5799,4
5800,14
5801,0
5802,2
5803,6
5804,11
5805,3
5806,2
5807,13
5808,2
5809,4
5810,6
5811,17
5812,11
5813,6
5814,17
5815,4
5816,5
5817,22
5818,6
5819,4
5820,2
5821,1
5822,0
5823,3
5824,2
5825,2
5826,17
5827,0
5828,3
5830,5
5831,0
5832,15
5833,0
5834,7
5835,2
5837,1
5838,3
5839,4
5840,3
5841,3
5842,2
5843,5
5844,1
5845,4
5846,2
5847,3
5848,4
5849,0
5850,4
5851,2
5852,6
5853,7
5854,1
5855,1
5856,0
5857,3
5858,2
5859,14
5860,6
5861,0
5862,8
5863,4
5864,5
5865,2
5866,4
5867,1
5868,1
5869,0
5870,16
5871,3
5872,3
5873,2
5875,3
5876,4
5877,5
5878,2
5880,6
5882,4
5883,4
5884,5
5885,9
5886,0
5887,1
5888,6
5889,1
5890,0
5891,10
5892,4
5893,9
5894,17
5895,2
5896,0
5897,8
5898,4
5899,4
5900,3
5901,4
5902,13
5903,5
5904,9
5905,10
5906,6
5907,0
5908,4
5909,0
5910,3
5911,0
5912,9
5913,7
5914,11
5915,4
5916,5
5917,0
5918,1
5919,1
5920,6
5921,4
5922,8
5923,9
5924,2
5925,1
5926,9
5927,21
5928,11
5929,6
5930,2
5931,1
5933,5
5934,5
5935,6
5936,1
5937,3
5938,0
5939,5
5940,8
5941,0
5942,3
5943,7
5944,7
5945,1
5946,7
5947,4
5948,0
5949,12
5950,5
5951,1
5952,1
5953,4
5954,6
5955,1
5956,8
5957,3
5958,1
5959,4
5960,0
5961,8
5962,1
5963,7
5964,3
5965,9
5966,6
5967,8
5968,1
5969,8
5970,8
5971,0
5972,1
5973,7
5974,11
5975,1
5976,4
5977,5
5978,11
5979,2
5980,0
5981,2
5982,2
5983,5
5984,3
5985,3
5986,5
5987,1
5988,8
5990,0
5991,10
5992,0
5993,2
5994,0
5995,6
5996,1
5997,6
5998,12
5999,0
6000,0
6001,0
6002,5
6003,7
6004,3
6005,1
6006,2
6007,17
6008,4
6009,11
6010,4
6011,11
6012,5
6013,1
6014,0
6015,2
6016,7
6017,1
6018,1
6019,9
6020,12
6021,3
6022,6
6023,4
6024,8
6025,5
6026,2
6027,5
6028,1
6029,3
6030,1
6031,0
6032,12
6033,14
6034,5
6035,4
6036,1
6037,1
6038,0
6039,3
6040,7
6041,9
6042,5
6043,1
6044,1
6045,8
6046,6
6047,6
6048,5
6050,4
6051,1
6052,22
6053,0
6054,2
6055,1
6056,2
6057,4
6058,3
6059,2
6061,3
6062,5
6064,3
6065,2
6066,8
6067,1
6068,3
6069,0
6070,9
6071,4
6072,0
6074,8
6075,3
6076,3
6077,1
6078,9
6079,6
6080,9
6081,0
6082,0
6083,1
6084,2
6085,1
6086,0
6087,0
6088,14
6089,5
6090,3
6091,8
6092,16
6093,0
6094,1
6095,0
6096,4
6097,10
6098,6
6099,4
6100,1
6101,1
6102,6
6103,10
6104,3
6105,1
6106,7
6107,9
6108,2
6109,5
6110,5
6111,8
6112,3
6113,0
6114,2
6115,4
6116,8
6117,1
6118,0
6119,4
6120,11
6121,3
6122,5
6123,0
6124,1
6126,2
6127,5
6128,4
6129,1
6130,0
6131,3
6132,7
6133,1
6134,8
6135,4
6136,13
6137,2
6138,6
6139,6
6140,4
6141,23
6142,2
6143,6
6144,10
6145,3
6146,5
6147,0
6148,6
6149,1
6150,5
6151,3
6152,4
6153,6
6154,3
6155,3
6156,1
6157,1
6158,0
6159,0
6160,4
6161,0
6163,3
6164,3
6165,4
6166,4
6167,1
6168,5
6169,0
6170,0
6172,2
6173,2
6174,2
6175,13
6176,3
6177,2
6178,3
6180,1
6181,2
6182,9
6183,4
6184,1
6185,1
6186,0
6187,5
6188,2
6189,9
6190,1
6191,8
6192,3
6193,11
6194,1
6195,4
6196,0
6197,0
6198,12
6199,14
6200,9
6201,2
6202,0
6203,5
6204,0
6205,6
6206,9
6207,5
6208,3
6209,0
6210,0
6211,4
6212,9
6213,4
6214,3
6215,2
6216,6
6217,3
6218,2
6219,4
6220,1
6221,2
6222,3
6223,7
6224,4
6225,0
6226,1
6227,5
6228,17
6229,2
6230,4
6231,14
6232,4
6233,12
6234,2
6235,4
6236,12
6237,1
6238,2
6239,0
6240,2
6241,0
6242,4
6243,6
6244,6
6246,5
6247,4
6248,7
6249,1
6250,3
6251,0
6252,3
6253,2
6254,4
6255,1
6256,0
6257,0
6258,6
6259,4
6260,0
6261,4
6262,1
6263,3
6264,9
6265,10
6266,2
6267,0
6269,1
6270,0
6271,3
6272,5
6273,2
6274,2
6275,3
6276,1
6277,3
6278,4
6279,0
6280,0
6281,1
6282,0
6283,0
6284,3
6285,10
6286,5
6287,1
6288,5
6289,0
6290,6
6291,0
6292,2
6293,2
6294,4
6295,2
6296,3
6297,4
6298,9
6299,3
6300,0
6301,2
6302,3
6303,3
6304,3
6305,0
6306,0
6307,4
6308,18
6309,15
6310,1
6311,0
6312,9
6313,5
6314,2
6315,7
6316,0
6317,7
6318,1
6319,8
6320,2
6321,1
6322,1
6323,9
6324,1
6325,3
6326,3
6327,1
6328,10
6329,2
6330,4
6331,12
6332,2
6333,4
6334,1
6335,0
6336,4
6337,2
6338,3
6339,3
6340,2
6341,5
6342,7
6343,3
6344,6
6345,3
6346,0
6347,6
6348,4
6349,3
6350,2
6351,3
6352,4
6353,0
6354,6
6355,1
6356,13
6358,6
6359,1
6360,8
6361,1
6362,6
6363,1
6364,8
6365,1
6366,0
6367,4
6368,2
6369,1
6370,5
6371,8
6372,4
6373,7
6374,5
6375,21
6376,2
6377,2
6378,1
6379,5
6380,9
6381,2
6382,4
6383,0
6384,6
6385,2
6386,1
6387,13
6388,4
6389,5
6390,11
6391,0
6392,9
6393,4
6394,5
6395,6
6396,4
6397,0
6398,11
6399,2
6400,4
6401,2
6402,1
6403,1
6404,3
6405,1
6406,2
6407,5
6408,5
6409,15
6410,3
6411,10
6412,3
6413,5
6414,5
6415,0
6416,13
6417,1
6418,0
6419,0
6420,0
6421,0
6422,4
6423,0
6424,6
6425,2
6426,5
6427,3
6428,1
6429,0
6430,0
6431,2
6432,5
6433,3
6434,9
6435,6
6436,9
6437,3
6438,2
6439,2
6440,2
6441,1
6442,3
6443,8
6444,1
6445,0
6446,3
6447,1
6448,4
6449,3
6450,0
6451,4
6452,3
6453,4
6454,5
6455,2
6456,8
6457,1
6458,2
6459,3
6460,9
6461,4
6462,1
6463,14
6464,0
6465,6
6467,7
6468,9
6469,16
6470,7
6471,4
6472,3
6474,5
6475,4
6476,0
6477,0
6478,8
6479,6
6480,7
6481,5
6482,17
6483,3
6484,4
6485,3
6486,5
6487,22
6488,9
6489,11
6490,5
6491,3
6492,4
6493,9
6494,0
6496,1
6497,0
6498,1
6499,22
6500,3
6501,0
6502,1
6504,1
6505,6
6506,2
6507,3
6508,6
6509,5
6510,1
6511,7
6512,14
6513,4
6514,6
6515,2
6516,1
6517,1
6518,3
6519,11
6520,5
6521,7
6522,0
6523,0
6524,2
6525,3
6526,16
6527,9
6528,6
6529,9
6530,9
6531,4
6532,0
6533,8
6534,7
6535,7
6536,5
6537,2
6538,6
6539,12
6540,7
6541,3
6542,5
6543,2
6544,3
6545,0
6546,0
6548,7
6549,5
6550,11
6551,1
6552,12
6553,1
6554,2
6555,4
6556,0
6557,5
6558,0
6559,9
6560,3
6561,11
6562,0
6563,1
6564,2
6565,1
6566,1
6567,5
6568,0
6569,1
6570,6
6571,7
6572,7
6573,1
6574,4
6575,1
6576,2
6577,22
6578,2
6580,3
6581,15
6582,4
6583,3
6584,2
6585,4
6586,1
6588,2
6589,1
6590,13
6591,2
6592,2
6593,10
6594,4
6595,0
6596,2
6597,1
6598,2
6599,2
6600,14
6601,11
6602,3
6603,0
6604,4
6605,2
6606,3
6607,4
6608,4
6610,4
6611,8
6612,2
6613,4
6614,7
6615,1
6616,0
6617,5
6618,0
6619,7
6620,7
6621,0
6622,7
6623,8
6624,1
6626,4
6627,6
6628,0
6629,3
6630,15
6631,5
6632,8
6633,3
6634,2
6635,4
6637,3
6638,0
6639,1
6640,3
6642,0
6643,1
6644,8
6645,0
6646,10
6647,15
6648,5
6649,0
6650,7
6651,7
6652,5
6653,1
6654,2
6655,3
6657,0
6658,9
6659,5
6660,8
6661,10
6662,9
6663,5
6664,2
6665,5
6666,0
6667,4
6668,8
6669,1
6670,1
6671,0
6672,5
6673,1
6674,1
6675,8
6676,5
6677,0
6678,9
6679,1
6680,2
6681,4
6682,3
6683,3
6684,5
6685,3
6686,6
6687,0
6688,2
6689,3
6690,6
6691,1
6692,4
6693,2
6694,12
6695,3
6696,1
6697,6
6698,1
6699,0
6700,4
6701,1
6702,6
6703,0
6704,6
6705,1
6706,10
6707,5
6708,10
6709,12
6710,4
6711,0
6712,5
6713,0
6714,6
6715,5
6716,2
6717,5
6718,0
6719,0
6720,0
6722,2
6723,3
6724,3
6725,4
6726,2
6727,2
6728,15
6729,3
6730,12
6731,1
6732,8
6733,3
6734,0
6735,11
6736,1
6737,2
6738,2
6739,1
6740,3
6741,4
6742,8
6743,7
6744,3
6745,3
6746,1
6747,25
6748,1
6749,1
6750,1
6751,0
6752,3
6753,5
6754,6
6755,2
6756,0
6757,2
6758,4
6759,0
6760,7
6761,9
6762,3
6763,3
6764,7
6765,3
6766,3
6767,3
6768,11
6769,9
6770,2
6771,14
6772,1
6773,12
6774,9
6775,2
6776,6
6777,5
6778,8
6779,0
6780,2
6781,2
6782,9
6783,5
6784,2
6785,0
6786,1
6787,0
6788,4
6789,3
6790,7
6791,2
6792,8
6793,1
6794,0
6795,3
6796,0
6797,0
6798,0
6799,0
6800,1
6801,10
6802,0
6803,2
6804,0
6805,5
6806,0
6807,2
6808,2
6809,4
6810,0
6811,5
6812,1
6813,0
6814,7
6815,2
6816,1
6817,9
6818,7
6820,10
6821,1
6823,8
6824,5
6825,0
6826,4
6827,5
6828,0
6830,3
6831,6
6832,7
6833,0
6834,1
6835,1
6836,0
6837,0
6838,8
6839,4
6840,9
6841,2
6842,7
6843,1
6844,2
6845,2
6846,1
6847,6
6848,0
6849,1
6850,9
6851,0
6852,2
6853,5
6854,0
6855,2
6856,4
6857,0
6858,6
6859,1
6860,0
6861,5
6862,0
6863,0
6864,3
6865,5
6866,8
6867,2
6868,3
6869,1
6870,3
6872,7
6873,11
6874,1
6875,7
6876,13
6877,2
6878,3
6879,2
6880,13
6881,6
6882,8
6883,7
6884,2
6886,18
6887,0
6888,0
6889,2
6890,0
6891,6
6892,0
6893,0
6894,7
6895,3
6896,4
6897,3
6898,0
6899,17
6900,1
6901,1
6902,4
6903,8
6904,3
6905,16
6906,4
6907,4
6908,2
6909,15
6910,5
6911,12
6912,2
6913,3
6914,2
6915,6
6916,1
6917,3
6918,1
6919,4
6920,3
6921,1
6922,1
6923,2
6924,1
6925,4
6926,0
6927,0
6928,7
6929,9
6930,0
6931,1
6932,2
6933,13
0,8
1,2
2,2
3,9
4,6
6,2
7,5
8,8
9,5
10,2
11,3
12,0
13,11
14,4
15,3
16,2
17,9
18,1
19,6
20,14
21,1
22,7
23,0
24,7
25,4
26,4
27,4
28,0
29,4
30,11
31,1
32,15
33,0
35,3
36,7
37,6
38,0
39,1
40,4
41,3
42,2
43,11
44,2
45,1
46,8
47,5
48,2
49,6
50,6
51,6
52,5
54,0
55,1
56,5
57,7
58,13
59,1
60,6
61,0
62,0
63,3
64,1
66,0
67,4
68,5
69,2
70,0
71,0
72,2
73,3
74,1
75,1
76,1
77,0
78,10
79,16
80,8
81,3
82,2
83,2
84,10
85,2
86,5
87,1
88,2
89,0
90,4
91,9
92,8
93,2
94,11
96,6
97,8
98,9
99,15
100,8
101,1
102,2
103,6
104,9
105,4
106,0
107,3
108,2
109,1
110,8
111,4
112,5
113,1
114,9
115,5
116,3
117,9
118,4
119,14
120,12
121,3
122,0
123,2
124,7
125,3
126,5
127,6
128,5
129,3
130,0
131,0
132,1
133,6
134,1
135,4
136,6
137,11
138,6
139,2
140,1
141,5
142,5
143,2
144,1
145,4
146,12
147,0
148,11
149,8
150,5
151,2
152,3
153,1
154,5
155,2
156,1
157,7
158,0
159,10
160,5
161,1
162,0
163,12
164,0
165,11
166,2
167,19
168,4
169,8
170,1
171,0
172,2
173,8
174,4
175,9
176,4
177,3
178,5
179,9
180,0
181,9
182,6
183,0
184,6
185,4
186,1
187,2
188,2
189,0
190,4
191,2
192,4
193,6
194,8
195,0
196,7
197,5
198,0
199,7
200,8
201,6
202,2
203,3
204,0
205,8
206,4
207,0
208,6
209,3
210,5
211,12
212,0
213,3
214,5
215,4
216,10
217,23
218,7
219,8
220,16
221,0
222,7
223,0
224,4
225,1
226,3
228,0
229,5
230,5
231,5
232,0
233,6
234,3
235,0
236,4
237,3
238,1
239,6
240,0
241,3
242,1
243,1
244,4
245,0
246,5
247,6
248,4
249,3
250,6
251,0
252,2
253,3
254,3
255,14
256,4
257,5
258,4
259,21
260,2
261,1
262,13
263,1
264,0
265,3
266,5
267,2
268,11
269,1
270,3
271,0
272,1
273,1
274,13
275,3
276,2
277,1
278,0
279,0
280,1
281,1
282,1
283,2
284,10
285,5
286,10
287,2
288,1
289,2
290,7
291,0
292,6
293,5
294,0
295,15
296,10
297,2
298,6
299,4
300,1
301,0
302,0
303,3
304,4
305,5
306,4
307,1
308,8
309,0
310,10
311,4
312,2
313,2
314,10
315,6
316,2
317,3
318,6
319,1
320,4
321,3
322,7
323,1
324,10
325,2
326,2
327,2
328,7
329,4
330,10
331,6
332,2
333,9
334,0
335,3
336,5
337,1
338,1
339,10
340,1
341,4
342,0
343,2
344,0
346,7
347,7
348,4
349,4
350,6
351,12
352,0
353,2
354,9
355,9
356,5
357,1
358,5
359,2
360,0
361,0
362,1
363,6
364,4
365,2
366,13
367,6
368,0
369,6
370,2
371,0
372,1
373,6
374,1
375,1
376,4
377,2
378,1
379,4
380,4
381,8
382,2
383,5
384,2
385,3
386,6
387,3
388,6
390,2
391,5
392,3
393,10
394,3
395,1
396,2
397,0
398,8
399,5
400,4
401,7
402,10
403,0
404,1
405,5
406,9
407,4
408,0
409,9
410,7
411,3
412,6
413,0
414,3
415,1
416,0
417,2
418,2
419,2
420,0
421,4
422,0
423,13
424,9
425,1
426,0
427,4
428,5
429,2
430,5
431,0
432,4
433,5
434,4
435,0
436,1
437,6
438,3
439,1
440,4
441,6
442,0
443,2
444,3
445,0
446,1
447,14
448,2
449,2
450,4
451,10
452,6
453,10
454,0
455,2
456,2
457,1
458,3
459,16
460,4
461,2
462,5
463,4
464,1
465,9
466,18
467,0
468,0
469,1
470,12
471,6
472,1
473,0
474,9
475,12
476,5
477,1
478,8
479,1
480,8
481,10
482,3
483,3
484,3
485,3
486,2
487,2
488,2
489,2
490,0
491,5
492,0
493,3
494,6
495,10
496,0
497,1
498,4
499,3
500,4
501,0
502,0
503,2
504,3
505,3
506,11
507,0
508,6
509,0
510,7
511,6
512,1
513,4
514,17
515,3
516,4
517,4
518,4
519,7
520,3
521,0
522,0
523,15
524,4
525,2
526,7
527,4
528,4
529,8
530,5
531,1
532,2
533,11
534,16
535,10
536,6
537,5
538,8
539,1
540,3
541,10
542,0
543,3
544,3
546,3
548,3
549,3
550,4
551,2
552,5
553,4
554,3
555,2
556,2
557,4
558,3
559,0
560,1
561,25
562,3
563,1
565,0
566,3
567,3
568,3
569,13
570,3
571,5
572,9
573,0
574,3
575,3
576,0
577,2
578,2
579,2
580,2
581,7
582,5
583,2
584,3
585,1
586,0
588,2
589,0
590,0
591,1
592,3
593,4
594,1
595,14
596,1
597,10
598,13
599,6
600,2
601,8
602,14
603,2
604,7
605,10
606,7
607,4
608,3
609,9
610,1
611,1
612,1
613,4
614,8
615,6
616,1
617,5
618,4
619,2
620,3
621,5
622,12
623,5
624,1
625,2
626,3
627,7
628,0
629,5
630,2
631,0
632,5
633,2
634,1
635,4
636,5
637,2
638,4
639,0
640,1
641,5
642,0
643,1
644,0
645,0
646,4
647,1
648,7
649,0
650,1
651,2
652,1
653,4
654,3
655,5
656,0
657,1
658,0
660,17
661,1
662,2
663,9
664,16
665,14
666,3
667,1
668,1
669,4
670,4
671,1
672,9
673,0
674,0
675,10
676,1
677,0
678,2
679,9
680,6
681,0
682,0
683,1
684,7
685,4
686,7
687,5
688,3
689,7
690,11
691,1
692,12
693,4
694,2
695,5
696,7
697,1
698,4
699,23
700,7
701,13
702,1
703,1
704,2
705,0
706,8
707,0
708,2
709,8
710,1
711,3
712,5
714,1
715,4
716,6
717,1
718,7
719,2
720,0
721,6
722,2
723,0
724,6
725,0
726,5
727,7
728,2
729,8
730,1
731,3
732,4
733,1
734,0
735,4
736,3
737,4
738,1
739,2
740,1
741,4
742,0
743,1
744,10
745,8
746,2
747,2
748,3
749,7
750,6
751,1
752,7
753,5
754,13
755,3
756,13
757,6
758,10
759,15
760,1
761,0
762,0
763,1
764,1
765,3
766,2
767,3
768,5
769,11
770,8
771,5
772,2
773,2
774,4
775,10
776,20
777,0
778,0
779,13
780,5
781,1
782,3
783,0
784,1
785,3
786,14
787,1
788,0
789,13
790,5
791,6
792,4
793,4
794,2
795,3
796,1
797,1
798,5
799,2
800,3
801,0
802,0
803,0
804,4
805,1
806,4
807,1
808,2
809,0
810,1
811,0
812,10
813,14
814,4
815,2
816,1
817,6
818,3
819,3
820,9
821,12
822,8
823,1
824,1
825,7
826,8
827,5
828,8
829,1
830,1
831,0
832,7
833,2
834,4
835,8
836,1
837,3
838,0
839,1
840,3
841,4
842,1
843,5
844,4
845,14
846,9
847,11
848,8
849,0
850,6
851,1
852,7
853,1
854,1
855,6
856,0
857,3
858,3
859,6
860,2
861,0
862,11
863,7
864,4
865,8
866,2
867,6
868,4
869,4
870,3
871,8
872,1
873,3
874,5
875,6
876,0
877,1
878,2
879,0
880,3
881,11
882,3
883,0
884,0
885,6
886,1
887,9
888,1
889,0
890,1
891,4
892,7
893,0
894,8
895,4
896,7
897,2
898,0
899,0
901,5
902,2
903,0
904,2
905,5
906,3
907,9
908,1
909,3
910,1
911,7
912,20
913,1
914,1
915,6
916,11
918,3
919,2
920,2
921,7
922,6
923,12
924,1
925,1
926,2
927,2
928,5
929,2
930,4
931,1
932,10
933,0
934,4
935,4
936,5
937,6
938,14
939,0
940,6
941,13
942,9
943,9
944,0
945,7
946,6
947,11
948,1
949,8
950,2
951,0
952,2
953,2
954,1
955,1
956,9
957,2
958,0
959,9
960,5
961,19
962,0
963,2
964,4
965,6
966,1
967,4
968,4
969,5
970,8
971,7
972,0
973,6
974,3
975,2
976,4
977,7
978,4
979,0
980,3
981,16
982,6
983,7
984,6
985,8
986,6
987,11
988,1
989,2
990,1
991,0
992,1
993,0
994,11
995,8
996,0
997,0
998,10
999,7
1000,3
1001,5
1002,2
1004,4
1005,3
1006,0
1007,1
1008,11
1009,4
1010,0
1011,3
1012,7
1013,8
1014,8
1015,1
1016,13
1017,4
1018,3
1019,0
1020,11
1021,9
1022,2
1023,1
1024,2
1025,3
1026,3
1027,6
1028,10
1029,2
1030,0
1031,3
1032,5
1033,1
1034,11
1035,3
1036,3
1037,6
1038,3
1039,0
1040,0
1041,2
1042,1
1043,15
1044,4
1045,1
1047,5
1048,1
1049,9
1050,7
1051,7
1052,0
1053,17
1054,3
1055,20
1056,7
1057,7
1058,5
1059,6
1060,11
1061,1
1062,3
1063,2
1064,3
1065,4
1066,1
1067,2
1068,2
1069,0
1070,7
1071,0
1072,6
1073,25
1074,6
1075,0
1076,0
1077,0
1078,2
1079,2
1080,9
1081,0
1082,7
1083,5
1084,8
1085,1
1086,0
1087,4
1088,12
1089,10
1090,0
1091,4
1092,6
1093,2
1094,7
1095,0
1096,1
1097,7
1098,1
1099,0
1100,1
1101,5
1102,5
1103,3
1104,2
1105,2
1106,6
1107,0
1108,2
1109,16
1110,4
1111,1
1112,3
1113,0
1114,0
1115,8
1116,3
1117,5
1118,3
1119,0
1120,4
1121,11
1122,3
1123,3
1124,1
1125,4
1126,3
1127,5
1128,1
1129,0
1130,14
1131,4
1132,6
1133,2
1134,1
1135,3
1136,5
1137,4
1138,6
1139,2
1140,4
1141,5
1142,0
1143,8
1144,1
1145,3
1146,7
1147,5
1148,13
1149,2
1150,5
1152,0
1153,4
1154,5
1155,1
1156,3
1157,1
1158,2
1159,2
1160,0
1161,4
1162,5
1163,3
1164,5
1165,2
1166,4
1167,4
1168,1
1169,5
1170,7
1171,5
1173,0
1174,3
1175,0
1176,6
1177,8
1178,1
1179,0
1180,0
1181,2
1182,7
1183,1
1184,2
1185,0
1186,4
1187,6
1188,5
1189,2
1190,5
1191,7
1192,3
1193,3
1194,7
1195,1
1196,4
1197,6
1198,1
1199,9
1200,1
1201,3
1202,0
1203,2
1204,13
1205,6
1206,3
1207,11
1208,2
1209,4
1210,0
1211,0
1212,1
1213,8
1214,17
1215,9
1216,4
1217,8
1218,0
1219,10
1220,2
1221,16
1223,1
1224,5
1225,0
1226,15
1227,21
1228,4
1229,3
1230,3
1231,0
1233,7
1234,4
1235,6
1236,6
1237,1
1238,4
1239,1
1240,2
1241,12
1242,5
1243,3
1244,0
1245,3
1246,7
1247,0
1248,0
1249,7
1250,0
1251,12
1252,2
1253,2
1254,1
1255,5
1256,8
1257,3
1258,6
1259,3
1260,5
1261,0
1262,1
1263,0
1264,4
1265,7
1266,1
1267,20
1268,5
1269,8
1270,4
1271,9
1272,0
1273,3
1274,2
1275,2
1276,1
1277,4
1278,2
1279,4
1280,5
1281,3
1282,8
1283,3
1284,6
1285,4
1286,2
1287,2
1288,4
1289,7
1290,3
1291,1
1292,13
1293,1
1294,7
1295,13
1296,2
1297,4
1298,5
1299,13
1300,2
1301,0
1302,6
1303,7
1304,1
1305,9
1306,1
1307,5
1308,3
1309,0
1310,5
1311,0
1312,5
1313,3
1314,0
1315,2
1316,0
1317,1
1318,10
1319,4
1320,9
1321,15
1322,9
1323,0
1324,1
1325,5
1326,5
1327,3
1328,0
1329,3
1330,4
1331,8
1332,0
1333,5
1334,0
1335,4
1336,1
1337,2
1338,4
1339,11
1340,6
1341,7
1342,9
1343,11
1344,3
1345,3
1346,4
1347,6
1348,4
1349,2
1350,2
1351,0
1352,15
1353,4
1354,2
1355,7
1356,3
1357,1
1358,4
1359,0
1360,4
1361,5
1362,3
1363,0
1364,4
1365,7
1366,2
1367,5
1368,1
1369,0
1370,6
1371,3
1372,4
1373,0
1374,0
1375,12
1376,0
1377,5
1378,12
1379,2
1380,1
1381,13
1382,7
1383,0
1384,3
1386,3
1387,5
1388,6
1389,2
1390,3
1391,4
1392,13
1393,3
1394,1
1395,0
1396,7
1397,1
1398,2
1399,1
1400,8
1401,11
1402,8
1403,8
1404,4
1405,2
1406,1
1407,3
1408,2
1409,1
1410,3
1411,0
1412,6
1413,0
1414,12
1415,12
1416,4
1417,2
1418,10
1419,3
1420,8
1421,5
1422,4
1423,1
1424,5
1425,9
1426,1
1427,2
1428,0
1429,8
1430,1
1431,4
1432,0
1433,2
1434,3
1435,1
1436,8
1437,5
1438,0
1439,0
1440,1
1441,4
1442,3
1443,2
1444,7
1445,3
1446,7
1447,8
1448,7
1449,0
1450,1
1451,4
1452,2
1453,6
1454,0
1455,12
1456,10
1457,10
1458,13
1459,3
1460,0
1461,13
1462,0
1463,2
1464,5
1465,18
1466,1
1467,1
1468,7
1469,4
1471,7
1472,0
1473,2
1474,1
1475,2
1476,7
1477,0
1478,5
1479,4
1480,2
1481,2
1482,8
1483,0
1484,7
1485,8
1486,4
1487,0
1488,4
1489,10
1490,7
1491,12
1492,4
1493,9
1494,3
1495,0
1496,1
1497,7
1498,9
1499,4
1500,5
1501,6
1502,7
1503,8
1504,5
1505,1
1506,3
1507,0
1508,7
1509,8
1510,2
1511,5
1512,3
1513,8
1514,0
1515,21
1516,0
1517,0
1518,5
1519,5
1520,4
1521,1
1522,0
1523,2
1524,8
1525,1
1526,0
1527,2
1528,2
1529,0
1530,14
1531,0
1532,0
1533,0
1534,2
1535,4
1536,2
1537,3
1538,6
1539,5
1540,7
1541,2
1542,0
1543,3
1544,0
1545,1
1546,2
1547,2
1548,3
1549,0
1550,0
1551,1
1552,12
1553,1
1554,12
1555,4
1556,18
1557,1
1558,1
1559,0
1560,2
1561,8
1562,0
1563,3
1564,7
1565,11
1566,3
1567,0
1568,3
1569,0
1570,8
1571,1
1572,0
1573,10
1574,8
1575,8
1576,1
1577,3
1578,0
1579,2
1580,6
1581,6
1582,1
1583,8
1584,1
1585,0
1586,16
1587,5
1588,2
1589,5
1590,10
1591,2
1592,0
1593,4
1594,1
1595,11
1596,5
1597,1
1598,3
1599,1
1600,5
1601,5
1602,2
1603,12
1604,4
1605,1
1606,3
1607,4
1608,9
1609,2
1610,0
1611,5
1612,3
1613,8
1614,5
1615,10
1616,5
1617,0
1618,0
1619,3
1620,0
1621,2
1622,10
1623,3
1624,3
1625,2
1626,5
1627,5
1628,0
1629,6
1630,2
1631,11
1632,2
1633,5
1634,8
1635,10
1636,15
1637,0
1638,4
1639,5
1640,0
1641,6
1642,8
1643,4
1644,6
1645,7
1646,3
1647,8
1648,0
1649,5
1650,4
1651,0
1652,6
1653,0
1654,0
1655,1
1656,1
1657,2
1658,7
1659,1
1660,1
1661,3
1662,6
1663,6
1664,3
1665,6
1666,0
1667,2
1668,19
1669,0
1670,2
1671,3
1672,1
1673,4
1674,0
1675,5
1676,9
1677,1
1678,3
1679,1
1680,7
1681,0
1682,0
1683,7
1684,1
1685,2
1686,0
1687,0
1688,1
1689,1
1690,2
1691,2
1692,9
1693,4
1694,0
1695,0
1696,7
1697,3
1698,2
1699,10
1700,3
1701,4
1702,5
1703,5
1704,3
1705,4
1706,3
1707,14
1708,3
1709,0
1710,2
1711,4
1712,1
1713,8
1714,4
1715,2
1716,6
1717,11
1718,2
1719,2
1720,0
1721,4
1722,5
1723,12
1724,3
1725,9
1726,6
1727,3
1728,7
1729,3
1730,8
1731,1
1732,1
1733,2
1734,4
1735,10
1736,1
1737,3
1738,14
1739,0
1740,2
1741,9
1742,4
1743,10
1744,0
1745,6
1746,2
1747,10
1748,4
1749,6
1750,3
1751,1
1752,1
1753,0
1754,0
1755,6
1756,1
1757,0
1758,0
1759,0
1760,3
1761,1
1762,2
1763,6
1764,4
1765,2
1766,11
1767,0
1768,7
1769,4
1770,7
1771,0
1772,0
1773,0
1774,10
1775,14
1776,0
1777,5
1778,4
1779,3
1780,4
1781,6
1782,0
1783,4
1784,10
1785,4
1786,2
1787,3
1788,2
1789,1
1790,5
1791,11
1792,0
1793,2
1794,7
1795,16
1796,1
1797,6
1798,1
1799,12
1800,4
1801,1
1802,1
1803,7
1804,3
1805,5
1806,4
1807,4
1808,18
1809,0
1810,2
1811,10
1812,9
1813,2
1814,1
1815,0
1816,10
1817,1
1818,5
1819,8
1820,2
1821,8
1822,6
1823,3
1824,5
1825,0
1826,0
1827,12
1828,3
1829,2
1830,1
1831,0
1832,1
1833,6
1834,8
1835,1
1836,3
1837,4
1838,3
1839,0
1840,0
1841,4
1842,0
1843,1
1844,3
1845,7
1846,16
1847,4
1848,7
1849,2
1850,3
1851,8
1852,2
1853,1
1854,3
1855,3
1856,3
1857,0
1858,8
1859,11
1860,3
1861,2
1862,4
1863,2
1864,0
1865,4
1866,0
1867,7
1868,0
1869,0
1870,1
1871,0
1872,9
1873,9
1874,0
1875,4
1876,1
1877,0
1878,1
1879,8
1880,3
1881,0
1882,3
1883,1
1884,6
1885,5
1886,1
1887,0
1888,1
1889,7
1890,0
1891,1
1892,8
1893,14
1894,1
1895,4
1896,5
1897,3
1898,18
1899,0
1900,0
1901,0
1902,0
1903,3
1904,5
1905,0
1906,2
1907,5
1908,1
1909,0
1910,2
1911,1
1912,2
1913,5
1914,1
1916,6
1917,1
1918,5
1919,6
1920,2
1921,3
1922,0
1923,1
1924,1
1925,1
1926,10
1927,1
1928,5
1929,15
1930,11
1931,11
1932,3
1933,13
1934,2
1935,8
1936,7
1937,0
1938,14
1940,1
1941,14
1942,3
1943,3
1944,5
1945,0
1947,7
1948,3
1949,2
1950,2
1951,2
1952,0
1953,3
1954,3
1955,8
1956,3
1957,0
1958,6
1959,0
1960,0
1961,4
1962,3
1963,6
1964,4
1965,9
1966,1
1967,6
1968,11
1969,0
1970,0
1971,0
1972,6
1973,3
1974,9
1975,8
1976,2
1977,10
1978,1
1979,3
1980,7
1981,9
1982,3
1983,1
1984,4
1985,1
1986,6
1987,1
1988,0
1989,4
1990,0
1991,4
1992,1
1993,6
1994,5
1995,2
1996,0
1997,0
1998,3
1999,4
2000,0
2001,0
2002,4
2003,2
2004,5
2005,2
2006,4
2007,2
2008,4
2009,2
2010,9
2011,2
2012,3
2013,2
2014,1
2015,4
2016,2
2017,1
2018,2
2019,2
2020,4
2021,2
2022,6
2023,0
2024,25
2025,6
2026,1
2027,0
2028,4
2029,5
2030,0
2031,1
2032,8
2033,13
2034,9
2035,0
2036,5
2037,3
2038,6
2039,4
2042,0
2043,1
2044,0
2045,3
2046,3
2047,0
2048,0
2049,1
2050,3
2051,1
2052,3
2053,5
2054,2
2055,4
2056,4
2057,0
2058,10
2059,5
2060,7
2061,6
2062,1
2063,7
2064,4
2065,8
2066,8
2067,6
2068,1
2069,3
2070,9
2071,13
2072,6
2073,2
2074,4
2075,1
2076,19
2077,2
2078,7
2079,2
2080,5
2081,2
2082,1
2083,0
2084,3
2085,4
2086,0
2087,1
2088,6
2089,1
2090,1
2091,3
2092,4
2093,1
2094,4
2095,1
2096,0
2097,0
2098,1
2099,1
2100,3
2101,11
2102,5
2103,3
2104,4
2105,5
2106,4
2107,12
2108,8
2109,2
2110,3
2111,4
2112,0
2113,3
2114,1
2115,0
2116,9
2117,21
2118,0
2119,6
2120,6
2121,4
2122,2
2123,1
2124,1
2125,1
2126,1
2127,5
2128,5
2129,1
2130,3
2131,13
2132,0
2133,5
2135,6
2136,3
2137,9
2138,0
2139,3
2140,5
2141,2
2142,0
2143,5
2144,10
2145,0
2146,2
2147,8
2148,0
2149,7
2150,7
2151,0
2152,10
2153,0
2154,11
2155,4
2156,0
2157,5
2158,3
2159,3
2160,8
2161,3
2162,0
2163,10
2164,0
2165,6
2166,3
2167,2
2168,3
2169,9
2170,8
2171,3
2172,7
2173,15
2174,11
2175,2
2176,0
2177,1
2178,13
2179,2
2180,20
2181,0
2183,1
2184,6
2185,0
2186,2
2187,4
2188,11
2189,2
2190,3
2191,4
2192,5
2193,0
2194,4
2195,3
2196,5
2197,14
2198,0
2199,0
2200,5
2201,1
2202,2
2203,1
2204,8
2205,11
2206,3
2207,12
2208,2
2209,3
2210,14
2211,2
2212,1
2213,2
2214,7
2215,2
2216,5
2217,5
2218,0
2219,1
2220,10
2221,3
2222,5
2223,2
2224,2
2225,3
2226,0
2227,2
2228,2
2229,7
2230,5
2231,4
2232,8
2233,1
2234,9
2235,1
2236,3
2237,6
2238,2
2239,0
2240,9
2241,12
2242,5
2243,5
2244,0
2245,4
2246,6
2247,2
2248,2
2249,4
2250,8
2251,1
2252,4
2253,4
2254,10
2255,13
2256,1
2257,2
2258,0
2259,2
2260,1
2261,1
2262,2
2263,1
2264,3
2265,12
2266,0
2267,2
2268,0
2269,0
2270,0
2271,3
2272,9
2273,1
2274,11
2275,3
2276,11
2277,5
2278,5
2279,1
2280,1
2281,0
2282,4
2283,2
2284,0
2285,5
2286,0
2287,10
2288,4
2289,1
2290,7
2291,1
2292,0
2293,18
2294,5
2295,4
2296,2
2297,6
2298,6
2300,4
2301,8
2302,1
2303,4
2304,5
2305,0
2306,1
2307,4
2308,1
2309,13
2310,1
2311,7
2312,3
2313,1
2314,8
2316,3
2317,1
2318,6
2319,1
2320,1
2321,2
2322,6
2323,5
2324,0
2325,6
2326,4
2327,3
2328,0
2329,12
2330,4
2331,4
2332,0
2333,1
2334,6
2335,7
2336,3
2337,2
2338,1
2339,2
2340,2
2341,7
2342,0
2343,10
2344,0
2345,3
2346,7
2347,3
2348,6
2349,8
2350,13
2351,3
2352,6
2354,0
2355,2
2356,7
2357,11
2358,8
2359,1
2360,8
2361,0
2362,0
2363,4
2364,3
2365,6
2366,3
2367,5
2368,7
2369,4
2370,5
2371,1
2372,0
2373,0
2374,12
2375,7
2376,1
2377,3
2378,2
2379,1
2380,3
2381,0
2382,1
2383,10
2384,1
2385,7
2386,6
2387,6
2388,1
2389,1
2390,0
2391,4
2392,3
2393,4
2394,8
2395,5
2396,14
2397,6
2398,0
2399,4
2400,1
2401,5
2402,5
2403,0
2404,2
2405,6
2406,2
2407,2
2408,0
2409,4
2410,3
2412,6
2413,2
2414,11
2415,2
2416,3
2417,1
2418,2
2419,6
2420,1
2421,1
2422,7
2423,5
2424,1
2425,3
2426,2
2427,0
2428,2
2429,0
2430,15
2431,0
2432,0
2433,14
2434,0
2435,6
2436,22
2437,7
2438,3
2440,4
2441,8
2442,2
2443,1
2444,5
2445,13
2446,1
2447,6
2448,3
2449,0
2450,6
2451,0
2452,1
2453,1
2454,2
2455,0
2456,8
2458,3
2459,5
2460,2
2461,2
2462,9
2463,1
2464,1
2465,8
2466,7
2467,3
2468,7
2469,0
2470,23
2471,11
2472,9
2473,2
2474,2
2475,2
2476,5
2477,5
2478,2
2479,2
2480,0
2481,7
2482,3
2483,6
2484,3
2485,1
2486,3
2487,1
2488,2
2489,5
2490,0
2491,12
2492,5
2493,8
2494,0
2495,2
2496,2
2497,1
2498,3
2499,7
2500,1
2501,16
2502,1
2503,0
2504,6
2505,8
2506,9
2507,0
2508,3
2509,9
2510,7
2511,8
2512,8
2513,1
2514,3
2515,10
2516,11
2517,0
2518,2
2519,4
2520,2
2521,13
2522,2
2523,1
2524,0
2525,20
2526,13
2527,0
2528,5
2529,11
2530,6
2531,0
2532,0
2533,3
2534,9
2535,0
2536,0
2537,8
2538,1
2539,8
2540,10
2541,3
2542,6
2543,5
2544,0
2545,6
2546,2
2547,8
2548,12
2549,9
2550,7
2551,0
2552,3
2553,3
2554,1
2555,2
2556,7
2557,5
2558,13
2559,2
2560,6
2561,3
2562,1
2563,15
2564,14
2565,8
2566,5
2567,1
2568,2
2569,1
2570,6
2571,5
2572,1
2573,0
2574,2
2575,0
2576,9
2577,11
2578,2
2579,4
2580,3
2581,9
2582,1
2583,4
2584,6
2585,1
2586,2
2587,1
2588,4
2589,7
2590,1
2591,0
2592,7
2593,3
2594,0
2595,8
2596,0
2597,1
2598,1
2599,9
2600,2
2601,12
2602,4
2604,8
2605,3
2606,1
2607,5
2608,7
2609,1
2610,4
2611,11
2612,1
2613,3
2614,0
2615,2
2616,0
2617,3
2618,0
2619,6
2620,0
2621,8
2622,10
2623,3
2624,3
2625,6
2626,1
2627,13
2628,0
2629,3
2630,0
2631,2
2632,1
2633,2
2634,3
2635,2
2636,20
2637,0
2638,4
2639,2
2640,14
2641,4
2642,10
2643,3
2644,4
2645,6
2646,0
2647,2
2648,9
2649,1
2650,0
2651,0
2652,5
2653,5
2654,8
2655,1
2656,6
2657,11
2658,5
2659,0
2660,0
2661,1
2662,9
2663,4
2664,0
2665,0
2666,1
2667,8
2668,7
2669,20
2670,5
2671,0
2672,0
2673,6
2674,2
2675,1
2676,4
2677,11
2678,1
2679,9
2680,8
2681,0
2682,3
2683,4
2684,1
2685,4
2686,3
2687,3
2688,4
2689,4
2690,9
2691,1
2692,6
2693,1
2694,19
2695,1
2696,6
2697,6
2698,4
2699,5
2700,2
2701,25
2702,9
2703,2
2704,13
2705,1
2706,4
2707,10
2708,0
2709,9
2710,0
2711,2
2712,0
2713,12
2714,1
2715,8
2716,1
2717,8
2718,0
2719,12
2720,4
2721,0
2722,4
2723,2
2724,8
2725,3
2727,6
2728,2
2729,5
2730,0
2731,0
2732,7
2733,6
2734,6
2735,3
2736,1
2737,7
2738,6
2739,5
2740,9
2741,1
2742,6
2743,3
2744,13
2745,3
2746,8
2747,4
2748,0
2749,6
2750,5
2751,2
2752,4
2753,6
2754,5
2755,1
2756,3
2757,4
2758,6
2759,4
2760,3
2761,2
2762,3
2763,4
2764,4
2765,2
2766,2
2767,3
2768,5
2769,17
2770,1
2771,7
2772,7
2773,0
2774,3
2775,8
2776,5
2777,2
2778,1
2779,1
2780,0
2781,5
2782,2
2783,5
2784,0
2785,1
2786,7
2787,5
2788,17
2789,0
2790,5
2791,1
2792,8
2793,1
2794,0
2795,4
2796,3
2797,6
2798,0
2799,9
2800,4
2801,1
2802,3
2803,7
2804,6
2805,1
2806,0
2807,11
2808,2
2809,8
2810,1
2811,6
2812,0
2813,3
2814,9
2815,7
2816,12
2817,5
2818,9
2819,5
2820,0
2821,1
2822,8
2823,2
2824,3
2825,6
2826,6
2828,3
2829,1
2830,3
2831,0
2832,8
2833,1
2834,2
2835,6
2836,7
2837,4
2838,0
2839,3
2840,4
2841,13
2842,0
2843,8
2844,15
2845,0
2846,3
2847,1
2848,2
2849,8
2850,4
2851,2
2852,18
2853,9
2854,0
2855,12
2856,2
2857,1
2858,3
2859,2
2860,1
2861,7
2862,1
2863,3
2864,2
2865,7
2866,2
2867,9
2868,12
2869,5
2870,15
2872,1
2873,1
2874,0
2875,4
2876,5
2877,2
2878,8
2879,10
2880,13
2881,1
2882,10
2883,3
2884,1
2885,1
2886,3
2887,9
2888,2
2889,0
2890,1
2891,6
2892,5
2893,5
2894,8
2895,11
2896,5
2897,0
2898,0
2899,8
2900,1
2901,10
2902,6
2903,6
2904,2
2905,8
2906,0
2907,3
2908,1
2909,11
2910,1
2911,1
2912,8
2913,0
2914,10
2915,3
2916,1
2917,0
2918,4
2919,3
2920,10
2921,4
2922,1
2923,3
2924,11
2925,2
2926,2
2927,7
2928,13
2929,4
2930,0
2931,1
2932,3
2933,2
2934,2
2936,2
2937,11
2938,5
2939,13
2940,0
2941,2
2942,4
2943,3
2944,5
2945,4
2946,1
2947,4
2948,0
2949,5
2950,4
2951,2
2952,1
2953,5
2954,4
2955,0
2956,0
2957,1
2958,3
2959,3
2960,5
2961,3
2962,0
2963,10
2964,0
2965,4
2966,2
2967,7
2968,0
2969,4
2970,1
2971,0
2972,0
2973,10
2974,13
2975,2
2976,2
2977,2
2978,4
2979,0
2980,3
2981,0
2982,3
2983,0
2984,1
2985,6
2986,2
2987,4
2988,7
2989,7
2990,1
2991,2
2992,4
2993,1
2994,1
2995,2
2996,2
2997,3
2998,2
2999,8
3000,2
3001,7
3002,6
3003,0
3004,0
3005,3
3006,9
3007,3
3008,3
3009,3
3010,2
3011,2
3012,2
3013,3
3014,9
3015,0
3016,1
3017,9
3018,1
3019,2
3020,3
3021,4
3022,5
3023,6
3024,6
3025,2
3026,1
3027,2
3028,4
3029,3
3030,9
3031,5
3032,0
3033,8
3034,3
3035,1
3036,6
3037,1
3038,6
3039,5
3040,0
3041,4
3042,4
3043,12
3044,0
3045,1
3046,7
3047,7
3048,9
3049,5
3050,0
3051,5
3052,3
3053,1
3054,15
3055,1
3056,4
3057,2
3058,1
3059,4
3060,10
3061,2
3062,2
3063,8
3064,0
3065,5
3066,5
3067,1
3068,2
3069,2
3070,6
3071,1
3072,2
3073,2
3074,9
3075,7
3076,1
3077,1
3078,3
3079,1
3080,9
3081,5
3082,10
3083,4
3084,4
3086,0
3087,1
3088,5
3089,10
3090,11
3091,10
3092,9
3093,3
3094,7
3095,11
3096,6
3097,8
3098,2
3099,7
3100,2
3101,3
3102,5
3103,14
3104,1
3105,5
3106,10
3107,3
3108,4
3109,5
3110,3
3111,2
3112,5
3113,2
3114,0
3115,5
3116,2
3117,0
3119,2
3120,6
3121,5
3122,3
3123,5
3124,0
3126,4
3127,0
3128,4
3129,0
3130,5
3131,2
3132,7
3133,24
3134,5
3135,3
3136,2
3137,0
3138,4
3139,6
3140,3
3141,7
3142,4
3143,2
3144,8
3145,6
3146,3
3147,7
3148,0
3149,1
3150,10
3151,10
3152,3
3153,7
3154,3
3155,0
3156,4
3157,0
3158,2
3159,0
3160,9
3161,12
3162,3
3163,1
3164,0
3165,1
3166,4
3167,12
3168,1
3169,2
3170,2
3171,6
3172,3
3173,1
3174,3
3175,12
3176,0
3177,8
3178,0
3179,7
3180,2
3181,6
3182,3
3183,1
3184,4
3185,6
3186,4
3187,5
3188,4
3189,13
3190,5
3191,1
3192,3
3193,11
3194,10
3195,1
3196,11
3197,3
3198,2
3199,1
3200,2
3201,5
3202,5
3203,2
3204,1
3205,11
3206,2
3207,7
3208,1
3209,4
3210,2
3211,1
3212,7
3213,1
3214,7
3215,3
3216,1
3217,2
3218,0
3219,5
3220,3
3221,4
3222,3
3223,0
3224,2
3225,4
3226,2
3227,3
3228,5
3229,0
3230,5
3231,6
3232,4
3233,0
3234,3
3235,1
3236,10
3237,3
3238,4
3239,4
3240,1
3241,0
3242,2
3243,6
3244,7
3245,7
3246,3
3247,1
3248,5
3249,1
3250,0
3251,0
3252,0
3253,3
3254,5
3255,2
3256,5
3257,0
3258,13
3259,13
3260,6
3261,5
3262,0
3263,1
3264,1
3265,9
3266,1
3267,15
3268,7
3269,2
3270,4
3271,2
3272,0
3273,2
3274,8
3275,2
3276,2
3277,3
3278,10
3279,0
3280,8
3281,6
3282,2
3283,2
3284,8
3285,4
3286,0
3287,6
3288,2
3289,10
3290,1
3291,0
3292,2
3293,12
3294,2
3295,6
3296,7
3297,5
3298,4
3299,4
3300,0
3301,2
3302,10
3303,0
3304,4
3305,0
3306,7
3307,2
3308,4
3309,2
3310,5
3311,0
3313,4
3314,3
3315,3
3316,0
3317,12
3318,0
3319,1
3320,0
3321,6
3322,1
3323,8
3324,6
3325,1
3326,3
3327,9
3328,6
3329,5
3330,1
3331,2
3332,0
3333,1
3334,1
3335,3
3336,0
3337,18
3338,1
3339,1
3340,4
3341,1
3342,5
3343,17
3344,5
3345,0
3346,2
3347,0
3348,1
3349,2
3350,16
3351,7
3352,6
3353,5
3354,1
3355,2
3356,3
3357,2
3358,1
3359,2
3360,5
3361,5
3362,8
3363,6
3364,5
3366,3
3367,10
3368,1
3369,11
3370,0
3371,1
3372,1
3373,0
3374,4
3375,0
3376,5
3377,4
3378,6
3379,5
3380,2
3381,3
3382,5
3383,13
3384,6
3385,6
3386,2
3387,3
3388,2
3389,4
3390,2
3391,0
3392,7
3393,13
3394,6
3395,6
3396,1
3397,2
3398,10
3399,22
3400,11
3401,1
3402,6
3403,0
3404,8
3405,4
3406,9
3407,6
3408,1
3409,1
3410,0
3411,2
3412,3
3413,6
3414,1
3415,1
3416,7
3417,4
3418,3
3419,4
3420,0
3421,1
3422,1
3423,10
3424,11
3425,5
3426,5
3427,0
3428,12
3429,1
3430,1
3431,4
3432,4
3433,6
3434,11
3435,5
3436,5
3437,2
3438,5
3439,6
3440,6
3441,2
3442,3
3443,2
3444,3
3445,0
3446,5
3447,3
3448,0
3449,0
3450,9
3451,0
3452,5
3453,5
3454,5
3455,0
3456,11
3458,8
3459,4
3460,7
3461,1
3462,3
3463,6
3464,2
3465,6
3466,0
